Workbook

Sheet Sheet1
A1: AB | B1: Ram | C1: Chennai | D1: =VLOOKUP(C1,'Sheet2'!A:B,2,false) -> Tamil Nadu
A2: ABU | B2: Abhay | C2: M'luru | D2: =VLOOKUP(C2,'Sheet2'!A:B,2,false) -> Karnataka
A3: ABS | B3: Aravind | C3: Chennai | D3: =VLOOKUP(C3,'Sheet2'!A:B,2,false) -> Tamil Nadu
A4: ACC | B4: Charles | C4: Aduvassery | D4: =VLOOKUP(C4,'Sheet2'!A:B,2,false) -> Kerala
A5: ACT | B5: Ishwaran | C5: NA | D5: =VLOOKUP(C5,'Sheet2'!A:B,2,false) -> NA
A6: ADV | B6: Jacob | C6: Cochin | D6: =VLOOKUP(C6,'Sheet2'!A:B,2,false) -> Tamil Nadu
A7: AE | B7: Vatsa | C7: B’luru | D7: =VLOOKUP(C7,'Sheet2'!A:B,2,false) -> Karnataka
A8: AGJ | B8: Anand | C8: Ahm’bad | D8: =VLOOKUP(C8,'Sheet2'!A:B,2,false) -> Gujarat
A9: AIR | B9: Viji | C9: Chennai | D9: =VLOOKUP(C9,'Sheet2'!A:B,2,false) -> Tamil Nadu
A10: AIT | B10: Purushu Wayanad | C10: NA | D10: =VLOOKUP(C10,'Sheet2'!A:B,2,false) -> NA
A11: AJF | B11: Ajay | C11: Adur | D11: =VLOOKUP(C11,'Sheet2'!A:B,2,false) -> Karnataka
A12: AJL | B12: Alex | C12: Kottayam | D12: =VLOOKUP(C12,'Sheet2'!A:B,2,false) -> Kerala
... A46: AYN | B46: Jahnavi | C46: Hyd | D46: =VLOOKUP(C46,'Sheet2'!A:B,2,false) -> Telangana
A47: AZK | B47: Kishore | C47: Hyd | D47: =VLOOKUP(C47,'Sheet2'!A:B,2,false) -> Telangana | E47: (Old 3ONG)
A48: AZR | B48: Ashraf | C48: NA | D48: =VLOOKUP(C48,'Sheet2'!A:B,2,false) -> NA
A49: AZS | B49: Atul | C49: Kolhapur | D49: =VLOOKUP(C49,'Sheet2'!A:B,2,false) -> Maharashtra | E49: (FT 710)
A50: BBA | B50: Babu | C50: Cochin | D50: =VLOOKUP(C50,'Sheet2'!A:B,2,false) -> Tamil Nadu
A51: BBF | B51: Arunkumar | C51: Chennai | D51: =VLOOKUP(C51,'Sheet2'!A:B,2,false) -> Tamil Nadu
A52: BBU | B52: Balu | C52: Visakhapatnam | D52: =VLOOKUP(C52,'Sheet2'!A:B,2,false) -> Andhra Pradesh
A53: 3BBW | B53: Prasad | C53: Ker | D53: =VLOOKUP(C53,'Sheet2'!A:B,2,false) -> Kerala
A54: 3BCG | B54: Prabhu | C54: M'lore | D54: =VLOOKUP(C54,'Sheet2'!A:B,2,false) -> Karnataka
A55: 3BCM | B55: Senthil | C55: Namakkal | D55: =VLOOKUP(C55,'Sheet2'!A:B,2,false) -> Tamil Nadu
A56: 3BEO | B56: Jitu | C56: NA | D56: =VLOOKUP(C56,'Sheet2'!A:B,2,false) -> NA
A57: BFO | B57: Challappan | C57: Tirupur | D57: =VLOOKUP(C57,'Sheet2'!A:B,2,false) -> Tamil Nadu
A58: BGC | B58: JP | C58: Ker | D58: =VLOOKUP(C58,'Sheet2'!A:B,2,false) -> Kerala
A59: BGG | B59: Hegde | C59: Belgaum | D59: =VLOOKUP(C59,'Sheet2'!A:B,2,false) -> Karnataka
A60: 3BGK | B60: Neel | C60: Tiruchirappalli | D60: =VLOOKUP(C60,'Sheet2'!A:B,2,false) -> Tamil Nadu
A61: 3BGS | B61: Dr. Prabhu | C61: Mlore | D61: =VLOOKUP(C61,'Sheet2'!A:B,2,false) -> Karnataka
... A68: BOA | B68: Sam | C68: Chennai | D68: =VLOOKUP(C68,'Sheet2'!A:B,2,false) -> Tamil Nadu
A69: 3BOA | B69: Aryan | C69: B’luru | D69: =VLOOKUP(C69,'Sheet2'!A:B,2,false) -> Karnataka | E69: (s/o 2RMS)
A70: 3BOD | B70: Nagesh Joshi | C70: Sirsi | D70: =VLOOKUP(C70,'Sheet2'!A:B,2,false) -> Karnataka
A71: 3BOJ | B71: Bejoy | C71: B’luru | D71: =VLOOKUP(C71,'Sheet2'!A:B,2,false) -> Karnataka
A72: 3BOP | B72: Bopanna | C72: B’luru | D72: =VLOOKUP(C72,'Sheet2'!A:B,2,false) -> Karnataka
A73: BOS | B73: Rajendra | C73: Varkala | D73: =VLOOKUP(C73,'Sheet2'!A:B,2,false) -> Kerala
A74: 3BPQ | B74: Arun | C74: Hyd | D74: =VLOOKUP(C74,'Sheet2'!A:B,2,false) -> Telangana
A75: 3BQD | B75: Ashraf | C75: Mavoor, Calicut | D75: =VLOOKUP(C75,'Sheet2'!A:B,2,false) -> Kerala
A76: 3BQE | B76: George | C76: Calicut | D76: =VLOOKUP(C76,'Sheet2'!A:B,2,false) -> Kerala
A77: BQN | B77: Dr. Manu | C77: NA | D77: =VLOOKUP(C77,'Sheet2'!A:B,2,false) -> NA
A78: 3BQT | B78: Narayan | C78: Palakkad | D78: =VLOOKUP(C78,'Sheet2'!A:B,2,false) -> Kerala
A79: BR | B79: Basheer | C79: Penanani | D79: =VLOOKUP(C79,'Sheet2'!A:B,2,false) -> Tamil Nadu
A80: 3BRH | B80: Kumaresh | C80: Madurai | D80: =VLOOKUP(C80,'Sheet2'!A:B,2,false) -> Tamil Nadu
A81: 3BRP | B81: Baburaj | C81: Calicut | D81: =VLOOKUP(C81,'Sheet2'!A:B,2,false) -> Kerala
A82: BRT | B82: Balavant | C82: B’luru | D82: =VLOOKUP(C82,'Sheet2'!A:B,2,false) -> Karnataka | E82: (Balu)
A83: 3BTN | B83: Prakashan | C83: Kollem | D83: =VLOOKUP(C83,'Sheet2'!A:B,2,false) -> Kerala
A84: 3BTP | B84: Hursh | C84: Bokaro | D84: =VLOOKUP(C84,'Sheet2'!A:B,2,false) -> Jharkhand
A85: BUE | B85: Binu | C85: Cherthala | D85: =VLOOKUP(C85,'Sheet2'!A:B,2,false) -> Kerala
A86: 3BUH | B86: Elisha | C86: NA | D86: =VLOOKUP(C86,'Sheet2'!A:B,2,false) -> NA | E86: YL Harmo of VU2OJ
A87: BVB | B87: Venu | C87: Sec | D87: =VLOOKUP(C87,'Sheet2'!A:B,2,false) -> Unknown
A88: BVD | B88: Biju | C88: Kollam | D88: =VLOOKUP(C88,'Sheet2'!A:B,2,false) -> Kerala
A89: BVM | B89: Venkataraman | C89: Madurai | D89: =VLOOKUP(C89,'Sheet2'!A:B,2,false) -> Tamil Nadu
A90: 3BWJ | B90: Alavudeen | C90: Tenkasi | D90: =VLOOKUP(C90,'Sheet2'!A:B,2,false) -> Tamil Nadu
A91: 3BWK | B91: Renjith | C91: Kollem | D91: =VLOOKUP(C91,'Sheet2'!A:B,2,false) -> Kerala
A92: BWN | B92: Bhuvnes | C92: Chidambaram, TN | D92: =VLOOKUP(C92,'Sheet2'!A:B,2,false) -> Tamil Nadu
A93: CAN | B93: Nitin | C93: Kolhapur | D93: =VLOOKUP(C93,'Sheet2'!A:B,2,false) -> Maharashtra
A94: CAJ | B94: Jalal | C94: B’luru | D94: =VLOOKUP(C94,'Sheet2'!A:B,2,false) -> Karnataka
A95: CAW | B95: Kris | C95: B’luru | D95: =VLOOKUP(C95,'Sheet2'!A:B,2,false) -> Karnataka
A96: CBE/SEJ | B96: Coimb Club Stn. | C96: Selvaraj | D96: =VLOOKUP(C96,'Sheet2'!A:B,2,false) -> Unknown
A97: CCK | B97: Prabhu | C97: Chennai | D97: =VLOOKUP(C97,'Sheet2'!A:B,2,false) -> Tamil Nadu
A98: 3CCK | B98: Chinnaiyan B. | C98: Nettur, TPJ | D98: =VLOOKUP(C98,'Sheet2'!A:B,2,false) -> Kerala
... A100: CDA | B100: Sebastin | C100: NA | D100: =VLOOKUP(C100,'Sheet2'!A:B,2,false) -> NA
A101: 3CDK | B101: Muthu | C101: Mumb | D101: =VLOOKUP(C101,'Sheet2'!A:B,2,false) -> Maharashtra | E101: (u Btex)
A102: 3CEP | B102: Shyam | C102: Irinjalakuda | D102: =VLOOKUP(C102,'Sheet2'!A:B,2,false) -> Kerala | E102: 7300
A103: 3CFC | B103: Amey | C103: Kalyan | D103: =VLOOKUP(C103,'Sheet2'!A:B,2,false) -> Maharashtra
A104: 3CGL | B104: Leon | C104: Guruvayur | D104: =VLOOKUP(C104,'Sheet2'!A:B,2,false) -> Kerala
A105: 3CGX | B105: Kousalya | C105: NA | D105: =VLOOKUP(C105,'Sheet2'!A:B,2,false) -> NA | E105: Xyl of VU3URJ
A106: 3CGZ | B106: Vikas | C106: Calicut | D106: =VLOOKUP(C106,'Sheet2'!A:B,2,false) -> Kerala
A107: 3CHG | B107: Achu | C107: B’luru | D107: =VLOOKUP(C107,'Sheet2'!A:B,2,false) -> Karnataka
A108: CHR | B108: Murthy | C108: B’luru | D108: =VLOOKUP(C108,'Sheet2'!A:B,2,false) -> Karnataka | E108: 7300
A109: CIA | B109: Maya | C109: Cochin | D109: =VLOOKUP(C109,'Sheet2'!A:B,2,false) -> Tamil Nadu
A110: 3CJM | B110: Manjunath | C110: B’luru | D110: =VLOOKUP(C110,'Sheet2'!A:B,2,false) -> Karnataka
A111: CJP | B111: Paul | C111: Kollam | D111: =VLOOKUP(C111,'Sheet2'!A:B,2,false) -> Kerala
A112: 3CJP | B112: Celin | C112: Kollam | D112: =VLOOKUP(C112,'Sheet2'!A:B,2,false) -> Kerala | E112: (XYL of VU2CJP)
A113: CJV | B113: Satish | C113: Eluru | D113: =VLOOKUP(C113,'Sheet2'!A:B,2,false) -> Andhra Pradesh
A114: 3CKP | B114: Praveen | C114: B’luru | D114: =VLOOKUP(C114,'Sheet2'!A:B,2,false) -> Karnataka
A115: 3CKY | B115: Srinivas | C115: B’luru | D115: =VLOOKUP(C115,'Sheet2'!A:B,2,false) -> Karnataka | E115: 891
A116: CLG | B116: Pratik | C116: Sangli | D116: =VLOOKUP(C116,'Sheet2'!A:B,2,false) -> Maharashtra
A117: 3CMI | B117: Ravi | C117: Dindakal, TN | D117: =VLOOKUP(C117,'Sheet2'!A:B,2,false) -> Tamil Nadu
A118: 3CML | B118: Rakesh | C118: B’luru | D118: =VLOOKUP(C118,'Sheet2'!A:B,2,false) -> Karnataka
A119: CMR | B119: Mouli | C119: Chennai | D119: =VLOOKUP(C119,'Sheet2'!A:B,2,false) -> Tamil Nadu
A120: COD | B120: Raju | C120: B’luru | D120: =VLOOKUP(C120,'Sheet2'!A:B,2,false) -> Karnataka
A121: CPA | B121: Ramesh | C121: Kollem | D121: =VLOOKUP(C121,'Sheet2'!A:B,2,false) -> Kerala | E121: (CW)
A122: 3CPE | B122: Vimal | C122: Neyakappi village, TN | D122: =VLOOKUP(C122,'Sheet2'!A:B,2,false) -> Tamil Nadu
A123: CPL | B123: Manoj | C123: B’luru | D123: =VLOOKUP(C123,'Sheet2'!A:B,2,false) -> Karnataka
A124: CPM | B124: Chandrasekaran | C124: NA | D124: =VLOOKUP(C124,'Sheet2'!A:B,2,false) -> NA
A125: CPR | B125: Prabhu | C125: Kovilpatti | D125: =VLOOKUP(C125,'Sheet2'!A:B,2,false) -> Tamil Nadu
A126: CPV | B126: Praveen | C126: Gandhi Ngr | D126: =VLOOKUP(C126,'Sheet2'!A:B,2,false) -> Gujarat
A127: 3CQM | B127: Renu | C127: B’luru | D127: =VLOOKUP(C127,'Sheet2'!A:B,2,false) -> Karnataka
A128: CRA | B128: Antony | C128: Vipin Island | D128: =VLOOKUP(C128,'Sheet2'!A:B,2,false) -> Unknown
A129: CRS | B129: Ranjit | C129: Yamunanagar | D129: =VLOOKUP(C129,'Sheet2'!A:B,2,false) -> Haryana
A130: CRT | B130: Raju | C130: Trichur | D130: =VLOOKUP(C130,'Sheet2'!A:B,2,false) -> Tamil Nadu
A131: CSM | B131: San | C131: Chennai | D131: =VLOOKUP(C131,'Sheet2'!A:B,2,false) -> Tamil Nadu
A132: 3CTA | B132: Anto | C132: B’luru | D132: =VLOOKUP(C132,'Sheet2'!A:B,2,false) -> Karnataka
A133: CTN | B133: Christopher | C133: Trichur | D133: =VLOOKUP(C133,'Sheet2'!A:B,2,false) -> Tamil Nadu
A134: CW | B134: Rajesh | C134: Gurgaon | D134: =VLOOKUP(C134,'Sheet2'!A:B,2,false) -> Haryana
A135: CWO | B135: Clemant | C135: Chennai | D135: =VLOOKUP(C135,'Sheet2'!A:B,2,false) -> Tamil Nadu | E135: (old 3PQN)
A136: 3CXM | B136: Kanchan | C136: Bgm | D136: =VLOOKUP(C136,'Sheet2'!A:B,2,false) -> Karnataka
A137: DA | B137: Mano | C137: Chennai | D137: =VLOOKUP(C137,'Sheet2'!A:B,2,false) -> Tamil Nadu | E137: (FT DX10)
A138: DAA | B138: Venu | C138: Trichur | D138: =VLOOKUP(C138,'Sheet2'!A:B,2,false) -> Tamil Nadu
A139: DC | B139: Dharan | C139: Coimbatore | D139: =VLOOKUP(C139,'Sheet2'!A:B,2,false) -> Tamil Nadu
A140: DCC | B140: Mohan | C140: Aluva | D140: =VLOOKUP(C140,'Sheet2'!A:B,2,false) -> Kerala
...

Sheet Sheet2
A1: Chennai | B1: Tamil Nadu
A2: Mluru | B2: Karnataka
A3: Aduvassery | B3: Kerala
A4: Kochi | B4: Kerala
A5: Bluru | B5: Karnataka
A6: Ahmbad | B6: Gujarat
A7: Adur | B7: Karnataka
A8: Kottayam | B8: Kerala
A9: Namakkal | B9: Tamil Nadu
A10: Worli Mumbai | B10: Maharashtra
A11: Pondicheri | B11: Tamil Nadu
A12: Mumbai | B12: Maharashtra
... A335: Thodupuza Ker | B335: Kerala
